A.T. Still University%Kirksville 
Abilene Christian University%Abilene
Abraham Baldwin Agricultural College%Tifton
Academy of Art University%San Francisco
Adams State University%Alamosa
Adelphi University%Garden City
Adler Graduate School%Minnetonka
Adler University%Chicago 
Adrian College%Adrian
AdventHealth University%Orlando
Agnes Scott College%Decatur
Air Force Institute of Technology%Wright-Patterson AFB
Alabama A&M University%Huntsville
Alabama State University%Montgomery
Alaska Bible College%Palmer
Alaska Pacific University%Anchorage
Albany College of Pharmacy and Health Sciences%Albany
Albany Law School%Albany
Albany Medical College%Albany
Albany State University%Albany
Albertus Magnus College%New Haven
Albion College%Albion
Albright College%Reading
Alcorn State University%Lorman
Alderson Broaddus University%Philippi
Alfred State College%Alfred
Alfred University%Alfred
Alice Lloyd College%Pippa Passes
Allegheny College%Meadville
Allen College%Waterloo
Allen University%Columbia
Alliance University%New York City
Alliant International University%San Diego 
Alma College%Alma
Alvernia University%Reading
Alverno College%Milwaukee
Amberton University%Garland
American Baptist College%Nashville
American Film Institute Conservatory%Los Angeles
American International College%Springfield
American Jewish University%Los Angeles 
American University%Washington
Amherst College%Amherst
Anderson University%Anderson
Anderson University, Indiana%Anderson 
Andrews University%Berrien Springs
Angelo State University%San Angelo
Anna Maria College%Paxton
Antioch University%Yellow Springs 
Antioch University Los Angeles%Culver City
Antioch University New England%Keene
Antioch University Santa Barbara%Santa Barbara
Antioch University Seattle%Seattle
Appalachian Bible College%Mount Hope
Appalachian College of Pharmacy%Oakwood
Appalachian State University%Boone
Aquinas College%Grand Rapids
Aquinas College, Tennessee%Nashville
Arcadia University%Glenside
Arizona Christian University%Glendale
Arizona State University%Tempe 
Arkansas Baptist College%Little Rock
Arkansas State University%Jonesboro
Arkansas Tech University%Russellville
Arlington Baptist University%Arlington
Art Academy of Cincinnati%Cincinnati
ArtCenter College of Design%Pasadena
Asbury University%Wilmore
Ashland University%Ashland
Assumption University%Worcester
Athens State University%Athens
Atlanta Metropolitan State College%Atlanta
Auburn University%Auburn
Auburn University at Montgomery%Montgomery
Augsburg University%Minneapolis
Augusta University%Augusta
Augustana College%Rock Island
Augustana University%Sioux Falls
Aurora University%Aurora 
Austin College%Sherman
Austin Peay State University%Clarksville
Ave Maria University%Ave Maria
Averett University%Danville 
Avila University%Kansas City
Azusa Pacific University%Azusa
Babson College%Babson Park
Bacone College%Muskogee
Baker College%Owosso 
Baker University%Baldwin City
Baldwin Wallace University%Berea
Ball State University%Muncie
Bank Street College of Education%New York City
Baptist Health Sciences University%Memphis
Baptist University of Florida%Graceville 
Baptist University of the Americas%San Antonio
Barclay College%Haviland
Bard College%Annandale-on-Hudson
Bard College at Simon's Rock%Great Barrington
Barnard College%New York City
Barry University%Miami 
Barton College%Wilson
Baruch College, CUNY%New York City
Bastyr University%Kenmore
Bates College%Lewiston
Bay Path University%Longmeadow
Bay State College%Boston 
Baylor College of Medicine%Houston
Baylor University%Waco
Beacon College%Leesburg
Belhaven University%Jackson
Bellarmine University%Louisville
Bellevue College%Bellevue
Bellevue University%Bellevue 
Bellin College%Green Bay
Belmont Abbey College%Belmont
Belmont University%Nashville
Beloit College%Beloit
Bemidji State University%Bemidji
Benedict College%Columbia
Benedictine College%Atchison
Benedictine University%Lisle
Benjamin Franklin Cummings Institute of Technology%Boston
Bennett College%Greensboro
Bennington College%Bennington
Bentley University%Waltham
Berea College%Berea
Berkeley College%New York City 
Berklee College of Music%Boston 
Berry College%Mount Berry
Bethany College%Bethany
Bethany College, Kansas%Lindsborg
Bethany Lutheran College%Mankato
Bethel College%North Newton
Bethel University%Mishawaka
Bethel University%Saint Paul 
Bethel University, Tennessee%McKenzie
Bethesda University%Anaheim
Bethune-Cookman University%Daytona Beach
Beulah Heights University%Atlanta
Binghamton University, State University of New York%Vestal
Biola University%La Mirada
Bismarck State College%Bismarck
Black Hills State University%Spearfish
Blackburn College%Carlinville
Blessing-Rieman College of Nursing and Health Sciences%Quincy
Bloomsburg University of Pennsylvania%Bloomsburg
Blue Mountain Christian University%Blue Mountain
Bluefield State University%Bluefield
Bluefield University%Bluefield
Bluffton University%Bluffton
Bob Jones University%Greenville
Boise Bible College%Boise 
Boise State University%Boise
Boricua College%New York City
Boston Architectural College%Boston
Boston College%Chestnut Hill
Boston Graduate School of Psychoanalysis%Brookline 
Boston University%Boston 
Bowdoin College%Brunswick
Bowie State University%Bowie
Bowling Green State University%Bowling Green 
Bradley University%Peoria
Brandeis University%Waltham
Brazosport College%Lake Jackson
Brenau University%Gainesville
Brescia University%Owensboro
Brevard College%Brevard
Brewton-Parker College%Mount Vernon
Briar Cliff University%Sioux City
Bridgewater College%Bridgewater
Bridgewater State University%Bridgewater
Brigham Young University%Provo
Brigham Young University-Hawaii%Laie
Brigham Young University-Idaho%Rexburg
Brooklyn College%Brooklyn
Brooklyn Law School%Brooklyn
Broward College%Fort Lauderdale
Brown University%Providence
Bryan College%Dayton 
Bryan College of Health Sciences%Lincoln
Bryant and Stratton College%Buffalo 
Bryant University%Smithfield
Bryn Athyn College%Bryn Athyn
Bryn Mawr College%Bryn Mawr
Bucknell University%Lewisburg
Buena Vista University%Storm Lake
Buffalo State University%Buffalo
Bushnell University%Eugene
Butler University%Indianapolis
Cabarrus College of Health Sciences%Concord
Cabrini University%Radnor
Cairn University%Langhorne 
Caldwell University%Caldwell
California Baptist University%Riverside 
California College of the Arts%San Francisco 
California Institute of Integral Studies%San Francisco
California Institute of Technology%Pasadena
California Institute of the Arts%Valencia
California Lutheran University%Thousand Oaks
California Polytechnic State University, San Luis Obispo%San Luis Obispo
California State Polytechnic University, Humboldt%Arcata
California State Polytechnic University, Pomona%Pomona
California State University Channel Islands%Camarillo
California State University Maritime Academy%Vallejo
California State University San Marcos%San Marcos 
California State University, Bakersfield%Bakersfield
California State University, Chico%Chico
California State University, Dominguez Hills%Carson 
California State University, East Bay%Hayward 
California State University, Fresno%Fresno
California State University, Fullerton%Fullerton 
California State University, Long Beach%Long Beach
California State University, Los Angeles%Los Angeles
California State University, Monterey Bay%Seaside
California State University, Northridge%Northridge
California State University, Sacramento%Sacramento
California State University, San Bernardino%San Bernardino 
California State University, Stanislaus%Turlock 
California Western School of Law%San Diego
Calumet College of St. Joseph%Whiting
Calvary University%Kansas City
Calvin University%Grand Rapids
Cambridge College%Boston 
Cameron University%Lawton 
Campbell University%Buies Creek
Campbellsville University%Campbellsville
Canisius University%Buffalo
Capital University%Columbus
Capitol Technology University%Laurel
Cardinal Stritch University%Milwaukee
Carleton College%Northfield
Carlow University%Pittsburgh
Carnegie Mellon University%Pittsburgh 
Carolina University%Winston Salem 
Carroll College%Helena
Carroll University%Waukesha 
Carson-Newman University%Jefferson City
Carthage College%Kenosha
Case Western Reserve University%Cleveland
Catawba College%Salisbury
Cazenovia College%Cazenovia
Cedar Crest College%Allentown
Cedarville University%Cedarville
Centenary College of Louisiana%Shreveport
Centenary University%Hackettstown
Central Baptist College%Conway
Central Christian College of Kansas%McPherson
Central Christian College of the Bible%Moberly 
Central College%Pella
Central Connecticut State University%New Britain
Central Methodist University%Fayette
Central Michigan University%Mount Pleasant
Central Penn College%Summerdale
Central State University%Wilberforce
Central Washington University%Ellensburg 
Centralia College%Centralia
Centre College%Danville
Chadron State College%Chadron
Chamberlain University%Addison 
Chaminade University of Honolulu%Honolulu
Champlain College%Burlington 
Chapman University%Orange
Charles R. Drew University of Medicine and Science%Los Angeles
Charleston Southern University%Charleston
Chatham University%Pittsburgh
Chestnut Hill College%Philadelphia
Cheyney University of Pennsylvania%Cheyney
Chicago State University%Chicago
Chipola College%Marianna
Chowan University%Murfreesboro
Christian Brothers University%Memphis
Christopher Newport University%Newport News
City University of Seattle%Seattle 
Claflin University%Orangeburg
Claremont Graduate University%Claremont 
Claremont McKenna College%Claremont
Clark Atlanta University%Atlanta
Clark University%Worcester
Clarke University%Dubuque
Clarks Summit University%Clarks Summit
Clarkson College%Omaha
Clarkson University%Potsdam 
Clayton State University%Morrow
Clear Creek Baptist Bible College%Pineville
Cleary University%Howell 
Clemson University%Clemson
Cleveland Institute of Art%Cleveland
Cleveland Institute of Music%Cleveland
Cleveland State University%Cleveland
Cleveland University-Kansas City%Overland Park
Coastal Carolina University%Conway 
Coe College%Cedar Rapids
Coker University%Hartsville
Colby College%Waterville
Colby-Sawyer College%New London
Colgate University%Hamilton
College for Creative Studies%Detroit
College of Biblical Studies%Houston 
College of Central Florida%Ocala
College of Charleston%Charleston
College of Coastal Georgia%Brunswick
College of Mount Saint Vincent%The Bronx
College of Our Lady of the Elms%Chicopee
College of Saint Benedict/Saint John's University%St. Joseph 
College of Saint Mary%Omaha
College of Southern Nevada%Las Vegas
College of Staten Island%Staten Island
College of the Atlantic%Bar Harbor
College of the Holy Cross%Worcester
College of the Ozarks%Point Lookout
College of William & Mary%Williamsburg
Colorado Christian University%Lakewood
Colorado College%Colorado Springs 
Colorado Mesa University%Grand Junction
Colorado School of Mines%Golden
Colorado State University%Fort Collins
Colorado State University-Pueblo%Pueblo 
Colorado Technical University%Colorado Springs 
Columbia Basin College%Pasco
Columbia College%Columbia
Columbia College Chicago%Chicago
Columbia College, South Carolina%Columbia
Columbia International University%Columbia
Columbia University in the City of New York%New York City
Columbus College of Art and Design%Columbus
Columbus State University%Columbus
Concord University%Athens
Concordia College%Moorhead
Concordia University Ann Arbor%Ann Arbor
Concordia University Chicago%River Forest
Concordia University Irvine%Irvine
Concordia University Texas%Austin
Concordia University Wisconsin%Mequon
Concordia University, Nebraska%Seward
Concordia University, St. Paul%Saint Paul 
Connecticut College%New London
Converse College%Spartanburg
Conway School of Landscape Design%Northampton
Coppin State University%Baltimore
Corban University%Salem
Cornell College%Mount Vernon
Cornell University%Ithaca
Cornerstone University%Grand Rapids
Cornish College of the Arts%Seattle
Cottey College%Nevada
Covenant College%Lookout Mountain
Cox College%Springfield
Cranbrook Academy of Art%Bloomfield Hills
Creighton University%Omaha
Criswell College%Dallas
Crowley's Ridge College%Paragould
Crown College%St. Bonifacius 
Culver-Stockton College%Canton
Cumberland University%Lebanon
CUNY School of Law%Long Island City
Curry College%Milton
Curtis Institute of Music%Philadelphia
Daemen University%Amherst
Dakota State University%Madison 
Dakota Wesleyan University%Mitchell
Dallas Baptist University%Dallas
Dallas Christian College%Dallas
Dalton State College%Dalton
Dartmouth College%Hanover
Davenport University%Grand Rapids 
Davidson College%Davidson
Davis & Elkins College%Elkins
Davis College%Johnson City 
Daytona State College%Daytona Beach
Dean College%Franklin
Defiance College%Defiance
Delaware State University%Dover
Delaware Valley University%Doylestown
Delta State University%Cleveland
Denison University%Granville
Denver College of Nursing%Denver
DePaul University%Chicago
DePauw University%Greencastle
Des Moines University%Des Moines
DeSales University%Center Valley
DeVry University%Naperville 
Dharma Realm Buddhist University%Ukiah
Dickinson College%Carlisle
Dickinson State University%Dickinson
Dillard University%New Orleans
Doane University%Crete
Dominican School of Philosophy & Theology%Berkeley
Dominican University%River Forest
Dominican University New York%Orangeburg
Dominican University of California%San Rafael
Donnelly College%Kansas City
Dordt University%Sioux Center
Drake University%Des Moines
Drew University%Madison
Drexel University%Philadelphia
Drury University%Springfield 
Duke University%Durham
Dunwoody College of Technology%Minneapolis
Duquesne University%Pittsburgh
D'Youville College%Buffalo
Earlham College%Richmond
East Carolina University%Greenville
East Central University%Ada
East Georgia State College%Swainsboro 
East Stroudsburg University%East Stroudsburg
East Tennessee State University%Johnson City 
East Texas Baptist University%Marshall
Eastern Connecticut State University%Willimantic
Eastern Illinois University%Charleston
Eastern Kentucky University%Richmond
Eastern Mennonite University%Harrisonburg 
Eastern Michigan University%Ypsilanti 
Eastern Nazarene College%Quincy
Eastern New Mexico University%Portales
Eastern Oregon University%La Grande
Eastern University%St. Davids
Eastern Virginia Medical School%Norfolk
Eastern Washington University%Cheney
East-West University%Chicago
Ecclesia College%Springdale
Eckerd College%Saint Petersburg 
ECPI University%Virginia Beach
Edgewood College%Madison
Edward Waters University%Jacksonville
Elizabeth City State University%Elizabeth City
Elizabethtown College%Elizabethtown
Elmhurst University%Elmhurst
Elmira College%Elmira
Elon University%Elon
Embry-Riddle Aeronautical University%Daytona Beach 
Emerson College%Boston
Emmanuel College%Boston
Emmanuel University%Franklin Springs
Emmaus Bible College%Dubuque
Emory & Henry College%Emory 
Emory University%Atlanta
Empire State University%Saratoga Springs
Emporia State University%Emporia
Endicott College%Beverly
Erskine College%Due West
Eureka College%Eureka 
Evangel University%Springfield
Everglades University%Boca Raton 
Fairfield University%Fairfield 
Fairleigh Dickinson University%Teaneck 
Fairmont State University%Fairmont
Faith Baptist Bible College and Theological Seminary%Ankeny
Farmingdale State College%Farmingdale
Fashion Institute of Technology%New York City
Faulkner University%Montgomery
Fayetteville State University%Fayetteville
Felician University%Lodi 
Ferris State University%Big Rapids
Ferrum College%Ferrum
Fielding Graduate University%Santa Barbara
Finlandia University%Hancock
Fisher College%Boston 
Fisk University%Nashville
Fitchburg State University%Fitchburg
Five Towns College%Dix Hills
Flagler College%St. Augustine 
Florida Agricultural and Mechanical University%Tallahassee
Florida Atlantic University%Boca Raton 
Florida College%Temple Terrace
Florida Gateway College%Lake City
Florida Gulf Coast University%Fort Myers
Florida Institute of Technology%Melbourne
Florida International University%Miami
Florida Memorial University%Miami Gardens
Florida National University%Hialeah
Florida Southern College%Lakeland
Florida SouthWestern State College%Fort Myers
Florida State College at Jacksonville%Jacksonville
Florida State University%Tallahassee 
Fontbonne University%St. Louis
Fordham University%The Bronx 
Fort Hays State University%Hays
Fort Lewis College%Durango
Fort Valley State University%Fort Valley
Framingham State University%Framingham
Francis Marion University%Florence
Franciscan Missionaries of Our Lady University%Baton Rouge
Franciscan University of Steubenville%Steubenville
Franklin and Marshall College%Lancaster
Franklin College%Franklin
Franklin Pierce University%Rindge 
Franklin University%Columbus 
Franklin W. Olin College of Engineering%Needham
Freed-Hardeman University%Henderson
Fresno Pacific University%Fresno 
Friends University%Wichita 
Frostburg State University%Frostburg 
Furman University%Greenville
Gallaudet University%Washington
Gannon University%Erie
Gardner-Webb University%Boiling Springs 
Geisinger College of Health Sciences%Scranton
Geneva College%Beaver Falls
George Fox University%Newberg
George Mason University%Fairfax
George Washington University%Washington 
Georgetown College%Georgetown
Georgetown University%Washington
Georgia College and State University%Milledgeville 
Georgia Gwinnett College%Lawrenceville
Georgia Institute of Technology%Atlanta
Georgia Southern University%Statesboro 
Georgia Southwestern State University%Americus
Georgia State University%Atlanta
Georgian Court University%Lakewood
Gettysburg College%Gettysburg
Glenville State University%Glenville
Goddard College%Plainfield 
God's Bible School and College%Cincinnati
Golden Gate University%San Francisco 
Goldey-Beacom College%Wilmington
Goldfarb School of Nursing at Barnes-Jewish College%St. Louis
Gonzaga University%Spokane
Good Samaritan College of Nursing and Health Science%Cincinnati
Goodwin University%East Hartford
Gordon College%Wenham 
Gordon State College%Barnesville
Goshen College%Goshen
Goucher College%Baltimore
Governors State University%University Park
Grace Christian University%Wyoming
Grace College%Winona Lake 
Graceland University%Lamoni
Grambling State University%Grambling
Grand Canyon University%Phoenix
Grand Valley State University%Allendale 
Grand View University%Des Moines
Gratz College%Melrose Park
Great Basin College%Elko 
Great Lakes Christian College%Lansing
Greensboro College%Greensboro
Greenville University%Greenville
Grinnell College%Grinnell
Grove City College%Grove City
Guilford College%Greensboro
Gulf Coast State College%Panama City
Gustavus Adolphus College%St. Peter
Gwynedd Mercy University%Gwynedd Valley
Hamilton College%Clinton
Hamline University%Saint Paul
Hampden-Sydney College%Hampden-Sydney
Hampshire College%Amherst
Hampton University%Hampton
Hannibal-LaGrange University%Hannibal
Hanover College%Hanover
Harding University%Searcy 
Hardin-Simmons University%Abilene
Harrisburg University of Science and Technology%Harrisburg
Harris-Stowe State University%St. Louis
Hartwick College%Oneonta
Harvard University%Cambridge
Harvey Mudd College%Claremont 
Hastings College%Hastings
Haverford College%Haverford
Hawaii Pacific University%Honolulu
Hebrew College%Newton Centre
Heidelberg University%Tiffin
Helene Fuld College of Nursing%New York City
Henderson State University%Arkadelphia
Hendrix College%Conway
Heritage Christian University%Florence
Heritage University%Toppenish
Herzing University%Madison
High Point University%High Point
Hilbert College%Hamburg
Hillsdale College%Hillsdale
Hiram College%Hiram
Hobart and William Smith Colleges%Geneva
Hodges University%Fort Myers
Hofstra University%Hempstead
Hollins University%Roanoke
Holy Apostles College and Seminary%Cromwell
Holy Cross College%Notre Dame
Holy Family University%Philadelphia
Holy Names University%Oakland
Hood College%Frederick
Hope College%Holland
Hope International University%Fullerton
Houghton University%Houghton 
Houston Baptist University%Houston
Howard Payne University%Brownwood
Howard University%Washington
Hult International Business School%Cambridge 
Humphreys University%Stockton
Hunter College, CUNY%New York City
Huntingdon College%Montgomery
Huntington University%Huntington 
Husson University%Bangor
Huston-Tillotson University%Austin
Icahn School of Medicine at Mount Sinai%New York City
Idaho State University%Pocatello 
Illinois College%Jacksonville
Illinois College of Optometry%Chicago
Illinois Institute of Technology%Chicago
Illinois State University%Normal
Illinois Wesleyan University%Bloomington
Immaculata University%Immaculata 
Indian River State College%Fort Pierce 
Indiana Institute of Technology%Fort Wayne 
Indiana State University%Terre Haute
Indiana University Bloomington%Bloomington
Indiana University East%Richmond
Indiana University Fort Wayne%Fort Wayne
Indiana University Kokomo%Kokomo
Indiana University Northwest%Gary
Indiana University of Pennsylvania%Indiana
Indiana University South Bend%South Bend 
Indiana University Southeast%New Albany
Indiana University-Purdue University Indianapolis%Indianapolis
Indiana Wesleyan University%Marion
Iona University%New Rochelle
Iowa State University%Ames
Irell and Manella Graduate School of Biological Sciences%Duarte
Ithaca College%Ithaca
Jackson State University%Jackson
Jacksonville State University%Jacksonville
Jacksonville University%Jacksonville
James Madison University%Harrisonburg
Jamestown Business College%Jamestown
Jarvis Christian University%Hawkins
Jessup University%Rocklin 
John Brown University%Siloam Springs
John Carroll University%University Heights
John Jay College of Criminal Justice%New York City
John Paul the Great Catholic University%Escondido
Johns Hopkins University%Baltimore 
Johnson and Wales University%Providence 
Johnson C. Smith University%Charlotte
Johnson University%Knoxville 
Judson University%Elgin 
Juniata College%Huntingdon
Kalamazoo College%Kalamazoo
Kansas City Art Institute%Kansas City
Kansas City University%Kansas City
Kansas State University%Manhattan 
Kansas Wesleyan University%Salina
Kean University%Union 
Keck Graduate Institute%Claremont
Keene State College%Keene
Keiser University%Fort Lauderdale
Kennesaw State University%Kennesaw 
Kent State University%Kent 
Kentucky Christian University%Grayson
Kentucky State University%Frankfort
Kentucky Wesleyan College%Owensboro
Kenyon College%Gambier
Kettering College%Kettering
Kettering University%Flint
Keuka College%Keuka Park
Keystone College%La Plume
King University%Bristol
King's College%Wilkes-Barre
Knox College%Galesburg 
Kutztown University of Pennsylvania%Kutztown
Kuyper College%Grand Rapids
La Roche University%Pittsburgh
La Salle University%Philadelphia
La Sierra University%Riverside
Labouré College%Milton
Lafayette College%Easton
LaGrange College%LaGrange
Laguna College of Art and Design%Laguna Beach
Lake Erie College%Painesville
Lake Forest College%Lake Forest
Lake Forest Graduate School of Management%Lake Forest
Lake Superior State University%Sault Ste. Marie
Lake Washington Institute of Technology%Kirkland
Lakeland University%Plymouth
Lakeview College of Nursing%Danville
Lamar University%Beaumont
Lancaster Bible College%Lancaster
Lander University%Greenwood
Landmark College%Putney
Lane College%Jackson
Langston University%Langston
Lasell University%Newton
Lawrence Technological University%Southfield
Lawrence University%Appleton
Le Moyne College%Syracuse
Lebanon Valley College%Annville
Lee University%Cleveland
Lees-McRae College%Banner Elk
Lehigh University%Bethlehem
Lehman College, CUNY%The Bronx
LeMoyne-Owen College%Memphis
Lenoir-Rhyne University%Hickory
Lesley University%Cambridge 
LeTourneau University%Longview
Lewis & Clark College%Portland
Lewis University%Romeoville
Lewis-Clark State College%Lewiston 
Liberty University%Lynchburg
Life Pacific University%San Dimas 
Life University%Marietta
LIM College%New York City
Limestone University%Gaffney
Lincoln Christian University%Lincoln
Lincoln College%Lincoln
Lincoln Memorial University%Harrogate
Lincoln University%Lincoln University
Lincoln University, Missouri%Jefferson City
Lindenwood University%St. Charles
Lindsey Wilson College%Columbia
Linfield University%McMinnville 
Lipscomb University%Nashville
Livingstone College%Salisbury
Lock Haven University%Lock Haven 
Logan University%Chesterfield
Loma Linda University%Loma Linda
Long Island University%Brookville 
Longwood University%Farmville
Loras College%Dubuque
Louisiana Christian University%Pineville
Louisiana State University%Baton Rouge
Louisiana State University Health Sciences Center%New Orleans 
Louisiana State University Health Sciences Center-Shreveport%Shreveport
Louisiana State University in Shreveport%Shreveport 
Louisiana State University of Alexandria%Alexandria
Louisiana Tech University%Ruston
Lourdes University%Sylvania
Loyola Marymount University%Los Angeles
Loyola University Chicago%Chicago
Loyola University Maryland%Baltimore
Loyola University New Orleans%New Orleans
Lubbock Christian University%Lubbock
Luther College%Decorah
Lycoming College%Williamsport
Lynn University%Boca Raton
Lyon College%Batesville
Macalester College%Saint Paul
Madonna University%Livonia 
Maharishi International University%Fairfield
Maine College of Art%Portland
Maine Maritime Academy%Castine
Malone University%Canton
Manchester University%North Manchester 
Manhattan Christian College%Manhattan
Manhattan College%Riverdale
Manhattan School of Music%New York City
Manhattanville College%Purchase
Mansfield University of Pennsylvania%Mansfield
Maranatha Baptist University%Watertown
Maria College%Albany
Marian University%Indianapolis
Marian University, Wisconsin%Fond du Lac
Marietta College%Marietta
Marist College%Poughkeepsie
Marquette University%Milwaukee
Mars Hill University%Mars Hill
Marshall B. Ketchum University%Fullerton 
Marshall University%Huntington
Martin Luther College%New Ulm
Martin University%Indianapolis
Mary Baldwin University%Staunton
Maryland Institute College of Art%Baltimore
Maryland University of Integrative Health%Laurel
Marymount Manhattan College%New York City
Marymount University%Arlington
Maryville College%Maryville
Maryville University%St. Louis
Marywood University%Scranton
Massachusetts College of Art and Design%Boston
Massachusetts College of Liberal Arts%North Adams
Massachusetts Institute of Technology%Cambridge
Massachusetts Maritime Academy%Buzzards Bay
Massachusetts School of Law%Andover
Mayo Clinic College of Medicine and Science%Rochester
Mayville State University%Mayville
McDaniel College%Westminster 
McKendree University%Lebanon
McMurry University%Abilene
McNeese State University%Lake Charles
McPherson College%McPherson
MCPHS University%Boston 
Medgar Evers College%Brooklyn
Medical College of Wisconsin%Milwaukee
Medical University of South Carolina%Charleston
Meharry Medical College%Nashville
Menlo College%Atherton 
Mercer University%Macon 
Mercy College of Health Sciences%Des Moines
Mercy College of Ohio%Toledo
Mercy University%Dobbs Ferry
Mercyhurst University%Erie
Meredith College%Raleigh
Merrimack College%North Andover
Messiah University%Mechanicsburg
Methodist College%Peoria
Methodist University%Fayetteville
Metropolitan College of New York%New York City
Metropolitan State University%Saint Paul
Metropolitan State University of Denver%Denver
MGH Institute of Health Professions%Boston
Miami Dade College%Miami
Miami University%Oxford 
Michigan School of Psychology%Farmington Hills
Michigan State University%East Lansing
Michigan Technological University%Houghton
Mid-America Christian University%Oklahoma City
MidAmerica Nazarene University%Olathe
Mid-Atlantic Christian University%Elizabeth City
Middle Georgia State University%Macon
Middle Tennessee School of Anesthesia%Madison
Middle Tennessee State University%Murfreesboro
Middlebury College%Middlebury
Midland College%Midland
Midland University%Fremont
Midway University%Midway
Midwestern State University%Wichita Falls
Midwestern University%Downers Grove 
Miles College%Fairfield
Millersville University of Pennsylvania%Millersville
Milligan University%Elizabethton 
Millikin University%Decatur
Millsaps College%Jackson
Milwaukee Institute of Art & Design%Milwaukee
Milwaukee School of Engineering%Milwaukee
Minneapolis College of Art and Design%Minneapolis
Minnesota State University Moorhead%Moorhead
Minnesota State University, Mankato%Mankato 
Minot State University%Minot
Misericordia University%Dallas
Mission University%Springfield
Mississippi College%Clinton
Mississippi State University%Mississippi State 
Mississippi University for Women%Columbus
Mississippi Valley State University%Itta Bena
Missouri Baptist University%St. Louis
Missouri Southern State University%Joplin
Missouri State University%Springfield 
Missouri University of Science and Technology%Rolla
Missouri Valley College%Marshall
Missouri Western State University%St. Joseph
Mitchell College%New London
Mitchell Hamline School of Law%Saint Paul
Molloy University%Rockville Centre
Monmouth College%Monmouth
Monmouth University%West Long Branch
Monroe College%The Bronx 
Montana State University%Bozeman
Montana State University Billings%Billings
Montana State University-Northern%Havre 
Montana Tech%Butte
Montclair State University%Montclair
Montreat College%Montreat 
Montserrat College of Art%Beverly
Moody Bible Institute%Chicago
Moore College of Art and Design%Philadelphia
Moravian University%Bethlehem
Morehead State University%Morehead 
Morehouse College%Atlanta
Morehouse School of Medicine%Atlanta
Morgan State University%Baltimore
Morningside University%Sioux City
Morris College%Sumter
Morrisville State College%Morrisville
Mount Aloysius College%Cresson
Mount Carmel College of Nursing%Columbus
Mount Holyoke College%South Hadley
Mount Marty University%Yankton
Mount Mary University%Milwaukee
Mount Mercy University%Cedar Rapids
Mount Saint Mary College%Newburgh
Mount Saint Mary's University%Los Angeles
Mount St. Joseph University%Cincinnati
Mount St. Mary's University%Emmitsburg 
Mount Vernon Nazarene University%Mount Vernon 
Muhlenberg College%Allentown
Multnomah University%Portland 
Murray State University%Murray 
Muskingum University%New Concord
Naropa University%Boulder
National American University%Rapid City 
National Defense University%Fort Lesley J McNair
National Louis University%Chicago 
National University%La Jolla
National University of Health Sciences%Lombard 
Naval Postgraduate School%Monterey
Nazarene Bible College%Colorado Springs
Nazareth University%Rochester
Nebraska Methodist College%Omaha
Nebraska Wesleyan University%Lincoln 
Neumann University%Aston
Nevada State University%Henderson
New College of Florida%Sarasota
New England College%Henniker
New England College of Optometry%Boston
New England Conservatory%Boston
New England Institute of Technology%East Greenwich
New England Law | Boston%Boston
New Hope Christian College%Eugene
New Jersey City University%Jersey City
New Jersey Institute of Technology%Newark
New Mexico Highlands University%Las Vegas
New Mexico Institute of Mining and Technology%Socorro
New Mexico State University%Las Cruces
New York Academy of Art%New York City
New York City College of Technology, CUNY%Brooklyn
New York College of Podiatric Medicine%New York City
New York Institute of Technology%Old Westbury 
New York Law School%New York City
New York Medical College%Valhalla
New York School of Interior Design%New York City
New York University%New York City 
Newberry College%Newberry
Newman University%Wichita 
NewSchool of Architecture and Design%San Diego
Niagara University%Niagara University
Nicholls State University%Thibodaux
Nichols College%Dudley
Norfolk State University%Norfolk
North Carolina Agricultural and Technical State University%Greensboro
North Carolina Central University%Durham
North Carolina State University%Raleigh
North Carolina Wesleyan University%Rocky Mount 
North Central College%Naperville 
North Central University%Minneapolis
North Dakota State University%Fargo
North Greenville University%Tigerville
North Park University%Chicago
Northeast Ohio Medical University%Rootstown
Northeastern Illinois University%Chicago
Northeastern State University%Tahlequah
Northeastern University%Boston 
Northern Arizona University%Flagstaff 
Northern Illinois University%DeKalb
Northern Kentucky University%Highland Heights 
Northern Michigan University%Marquette
Northern New Mexico College%Espanola 
Northern State University%Aberdeen
Northland College%Ashland
Northpoint Bible College%Haverhill
Northwest Florida State College%Niceville
Northwest Missouri State University%Maryville 
Northwest Nazarene University%Nampa
Northwest University%Kirkland 
Northwestern College%Orange City
Northwestern Health Sciences University%Bloomington
Northwestern Oklahoma State University%Alva 
Northwestern State University of Louisiana%Natchitoches
Northwestern University%Evanston 
Northwood University%Midland 
Norwich University%Northfield
Notre Dame College%Cleveland
Notre Dame de Namur University%Belmont
Notre Dame of Maryland University%Baltimore
Nova Southeastern University%Fort Lauderdale 
Oak Hills Christian College%Bemidji
Oak Point University%Chicago
Oakland City University%Oakland City
Oakland University%Rochester Hills
Oakwood University%Huntsville
Oberlin College%Oberlin
Occidental College%Los Angeles
Oglethorpe University%Atlanta
Ohio Christian University%Circleville
Ohio Dominican University%Columbus
Ohio Northern University%Ada
Ohio University%Athens 
Ohio University Southern%Ironton
Ohio University-Chillicothe%Chillicothe
Ohio Wesleyan University%Delaware 
Oklahoma Baptist University%Shawnee
Oklahoma Christian University%Edmond 
Oklahoma City University%Oklahoma City
Oklahoma Panhandle State University%Goodwell
Oklahoma State University%Stillwater 
Oklahoma Wesleyan University%Bartlesville
Old Dominion University%Norfolk
Olivet Nazarene University%Bourbonnais
Oral Roberts University%Tulsa
Oregon Health & Science University%Portland 
Oregon Institute of Technology%Klamath Falls
Oregon State University%Corvallis 
Otis College of Art and Design%Los Angeles
Ottawa University%Ottawa 
Otterbein University%Westerville
Ouachita Baptist University%Arkadelphia
Our Lady of the Lake University%San Antonio
Ozark Christian College%Joplin
Pace University%New York City 
Pacific Lutheran University%Tacoma
Pacific Oaks College%Pasadena
Pacific Union College%Angwin
Pacific University%Forest Grove
Pacifica Graduate Institute%Carpinteria 
Paine College%Augusta
Palm Beach Atlantic University%West Palm Beach 
Palm Beach State College%Lake Worth
Palo Alto University%Palo Alto
Pardee RAND Graduate School%Santa Monica
Park University%Parkville 
Parker University%Dallas
Paul Quinn College%Dallas
Paul Smith's College%Paul Smiths
Peirce College%Philadelphia
Penn State College of Medicine%Hershey
Penn State University%University Park 
Pennsylvania Academy of the Fine Arts%Philadelphia
Pennsylvania College of Art and Design%Lancaster
Pennsylvania College of Technology%Williamsport
PennWest California%California
PennWest Clarion%Clarion
PennWest Edinboro%Edinboro
Pensacola State College%Pensacola
Pepperdine University%Malibu 
Peru State College%Peru
Pfeiffer University%Misenheimer
Philander Smith University%Little Rock
Piedmont College%Demorest
Pillar College%Newark 
Pittsburg State University%Pittsburg
Pitzer College%Claremont
Plaza College%New York City
Plymouth State University%Plymouth
Point Loma Nazarene University%San Diego 
Point Park University%Pittsburgh
Point University%West Point
Polk State College%Winter Haven
Pomona College%Claremont
Pontifical Faculty of the Immaculate Conception%Washington
Portland State University%Portland
Post University%Waterbury
Prairie View A&M University%Prairie View 
Pratt Institute%Brooklyn
Presbyterian College%Clinton
Prescott College%Prescott
Princeton University%Princeton
Principia College%Elsah
Providence Christian College%Pasadena
Providence College%Providence
Purchase College, State University of New York%Purchase
Purdue University%West Lafayette
Purdue University Fort Wayne%Fort Wayne
Purdue University Northwest%Hammond
Queens College, City University of New York%New York City
Queens University of Charlotte%Charlotte
Quincy University%Quincy
Quinnipiac University%Hamden
Radford University%Radford 
Ramapo College of New Jersey%Mahwah
Randolph College%Lynchburg
Randolph-Macon College%Ashland
Rasmussen University%St. Cloud 
Reed College%Portland
Regent University%Virginia Beach
Regis College%Weston
Regis University%Denver
Reinhardt University%Waleska
Relay Graduate School of Education%New York City
Rensselaer Polytechnic Institute%Troy 
Research College of Nursing%Kansas City
Rhode Island College%Providence
Rhode Island School of Design%Providence
Rhodes College%Memphis
Rice University%Houston
Richmont Graduate University%Chattanooga
Rider University%Lawrenceville 
Ringling College of Art and Design%Sarasota
Ripon College%Ripon
Rivier University%Nashua
Roanoke College%Salem
Robert Morris University%Moon Township 
Roberts Wesleyan University%Rochester
Rochester Christian University%Rochester Hills
Rochester Institute of Technology%Rochester
Rockford University%Rockford 
Rockhurst University%Kansas City
Rocky Mountain College%Billings
Rocky Mountain College of Art and Design%Lakewood
Rocky Mountain University of Health Professions%Provo
Rocky Vista University%Parker
Roger Williams University%Bristol
Rogers State University%Claremore
Rollins College%Winter Park
Roosevelt University%Chicago 
Rosalind Franklin University of Medicine and Science%North Chicago
Rose-Hulman Institute of Technology%Terre Haute
Roseman University of Health Sciences%Henderson
Rosemont College%Rosemont
Rowan University%Glassboro 
Rush University%Chicago
Rust College%Holly Springs
Rutgers, The State University of New Jersey%New Brunswick 
Sacred Heart University%Fairfield 
Saginaw Valley State University%University Center
Saint Anselm College%Manchester
Saint Anthony College of Nursing%Rockford
Saint Augustine College%Chicago
Saint Augustine's University%Raleigh
Saint Elizabeth University%Morristown
Saint Francis Medical Center College of Nursing%Peoria
Saint Francis University%Loretto
Saint Joseph's College of Maine%Standish 
Saint Joseph's University%Philadelphia 
Saint Leo University%Saint Leo 
Saint Louis University%St. Louis 
Saint Martin's University%Lacey
Saint Mary-of-the-Woods College%Saint Mary of the Woods
Saint Mary's College%Notre Dame 
Saint Mary's College of California%Moraga
Saint Mary's University of Minnesota%Winona 
Saint Michael's College%Colchester 
Saint Peter's University%Jersey City
Saint Vincent College%Latrobe
Saint Xavier University%Chicago
Salem College%Winston-Salem
Salem State University%Salem
Salem University%Salem
Salisbury University%Salisbury
Salus University%Elkins Park 
Salve Regina University%Newport
Sam Houston State University%Huntsville
Samford University%Birmingham
Samuel Merritt University%Oakland
San Diego Christian College%Santee
San Diego State University%San Diego 
San Francisco Conservatory of Music%San Francisco
San Francisco State University%San Francisco
San Joaquin College of Law%Clovis
San José State University%San Jose
Santa Clara University%Santa Clara
Santa Fe College%Gainesville
Sarah Lawrence College%Bronxville
Savannah College of Art and Design%Savannah 
Savannah State University%Savannah
Saybrook University%Pasadena
School of the Art Institute of Chicago%Chicago
School of Visual Arts%New York City
Schreiner University%Kerrville
Scripps College%Claremont
Seattle Central College%Seattle
Seattle Pacific University%Seattle
Seattle University%Seattle
Seminole State College of Florida%Sanford
Seton Hall University%South Orange
Seton Hill University%Greensburg
Sewanee: The University of the South%Sewanee
Shaw University%Raleigh
Shawnee State University%Portsmouth
Shenandoah University%Winchester
Shepherd University%Shepherdstown
Shippensburg University of Pennsylvania%Shippensburg
Shorter University%Rome
Siena College%Loudonville
Siena Heights University%Adrian
Simmons University%Boston
Simpson College%Indianola
Simpson University%Redding
SIT Graduate Institute%Brattleboro
Skidmore College%Saratoga Springs
Slippery Rock University of Pennsylvania%Slippery Rock
Smith College%Northampton
Snow College%Ephraim
Sofia University%Palo Alto
Soka University of America%Aliso Viejo
Sonoma State University%Rohnert Park
South Carolina State University%Orangeburg
South College%Knoxville
South Dakota School of Mines and Technology%Rapid City
South Dakota State University%Brookings
South Georgia State College%Douglas
South Texas College%McAllen
South Texas College of Law%Houston
South University%Savannah
Southeast Missouri State University%Cape Girardeau
Southeastern Baptist College%Laurel
Southeastern Louisiana University%Hammond
Southeastern Oklahoma State University%Durant
Southeastern University%Lakeland
Southern Adventist University%Collegedale
Southern Arkansas University%Magnolia
Southern California Institute of Architecture%Los Angeles
Southern College of Optometry%Memphis
Southern Connecticut State University%New Haven
Southern Illinois University Carbondale%Carbondale 
Southern Illinois University Edwardsville%Edwardsville 
Southern Methodist University%Dallas
Southern Nazarene University%Bethany 
Southern New Hampshire University%Manchester
Southern Oregon University%Ashland 
Southern University and A&M College%Baton Rouge
Southern University at New Orleans%New Orleans
Southern University Law Center%Baton Rouge
Southern Utah University%Cedar City
Southern Virginia University%Buena Vista
Southern Wesleyan University%Central
Southwest Baptist University%Bolivar 
Southwest Minnesota State University%Marshall
Southwestern Adventist University%Keene
Southwestern Assemblies of God University%Waxahachie
Southwestern Christian University%Bethany 
Southwestern College%Winfield
Southwestern College, Santa Fe%Santa Fe
Southwestern Law School%Los Angeles
Southwestern Oklahoma State University%Weatherford 
Southwestern University%Georgetown
Spalding University%Louisville
Spelman College%Atlanta
Spring Arbor University%Spring Arbor
Spring Hill College%Mobile
Springfield College%Springfield
St Andrews University%Laurinburg
St John's College%Annapolis 
St Petersburg College%St. Petersburg
St. Ambrose University%Davenport
St. Bonaventure University%St. Bonaventure
St. Catherine University%Saint Paul
St. Cloud State University%St. Cloud
St. Edward's University%Austin
St. Francis College%Brooklyn 
St. John Fisher University%Rochester
St. Johns River State College%Palatka
St. John's University%Queens 
St. Joseph's University%Brooklyn 
St. Lawrence University%Canton
St. Louis Christian College%Florissant
St. Mary's College of Maryland%St. Mary's City
St. Mary's University%San Antonio
St. Norbert College%De Pere
St. Olaf College%Northfield
St. Thomas Aquinas College%Sparkill
St. Thomas University%Miami Gardens
Stanford University%Stanford 
State College of Florida-Manatee-Sarasota%Bradenton
State University of New York at Fredonia%Fredonia
State University of New York at New Paltz%New Paltz
State University of New York at Oswego%Oswego
State University of New York College at Plattsburgh%Plattsburgh 
Stephen F. Austin State University%Nacogdoches
Stephens College%Columbia
Sterling College%Sterling
Sterling College, Vermont%Craftsbury Common
Stetson University%DeLand 
Stevens Institute of Technology%Hoboken
Stevenson University%Stevenson 
Stillman College%Tuscaloosa
Stockton University%Galloway 
Stonehill College%Easton
Stony Brook University%Stony Brook
Strayer University%Washington 
Suffolk University%Boston 
Sul Ross State University%Alpine
Sullivan University%Louisville 
SUNY Brockport%Brockport
SUNY Canton%Canton
SUNY Cobleskill%Cobleskill
SUNY College at Old Westbury%Old Westbury
SUNY College at Oneonta%Oneonta
SUNY College of Environmental Science and Forestry%Syracuse
SUNY College of Optometry%New York City
SUNY Cortland%Cortland
SUNY Delhi%Delhi
SUNY Downstate Medical Center%Brooklyn
SUNY Geneseo%Geneseo
SUNY Maritime College%Throggs Neck
SUNY Polytechnic Institute%Utica
Susquehanna University%Selinsgrove
Swarthmore College%Swarthmore
Sweet Briar College%Sweet Briar
Syracuse University%Syracuse
Tabor College%Hillsboro
Talladega College%Talladega
Tarleton State University%Stephenville 
Taylor University%Upland 
Temple University%Philadelphia 
Tennessee State University%Nashville
Tennessee Tech University%Cookeville
Tennessee Wesleyan University%Athens 
Texas A&M International University%Laredo
Texas A&M University%College Station
Texas A&M University at Galveston%Galveston
Texas A&M University-Commerce%Commerce
Texas A&M University-Corpus Christi%Corpus Christi
Texas A&M University-Kingsville%Kingsville
Texas A&M University-San Antonio%San Antonio
Texas A&M University-Texarkana%Texarkana
Texas Christian University%Fort Worth
Texas College%Tyler
Texas Lutheran University%Seguin
Texas Southern University%Houston
Texas State University%San Marcos 
Texas Tech University%Lubbock
Texas Tech University Health Sciences Center%Lubbock 
Texas Wesleyan University%Fort Worth
Texas Woman's University%Denton 
The American College of Financial Services%King of Prussia
The Catholic University of America%Washington
The Chicago School of Professional Psychology%Los Angeles 
The Citadel, The Military College of South Carolina%Charleston
The City College of New York%New York City
The College of Idaho%Caldwell
The College of New Jersey%Ewing
The College of Saint Rose%Albany
The College of St. Scholastica%Duluth 
The College of Westchester%White Plains
The College of Wooster%Wooster
The Cooper Union for the Advancement of Science and Art%New York City
The Culinary Institute of America%Hyde Park 
The Evergreen State College%Olympia
The Graduate Center, CUNY%New York City
The Institute of World Politics%Washington
The Juilliard School%New York City
The King's College%New York City
The King's University%Southlake
The Master's University%Santa Clarita
The New School%New York City
The Ohio State University%Columbus 
The Rockefeller University%New York City
The Sage Colleges%Troy 
The School of Architecture%Paradise Valley
The State University of New York at Potsdam%Potsdam
The University of Alabama%Tuscaloosa
The University of Alabama in Huntsville%Huntsville
The University of Arizona%Tucson
The University of Maine%Orono
The University of Memphis%Memphis 
The University of Montana Western%Dillon
The University of Oklahoma%Norman 
The University of Oklahoma Health Sciences Center%Oklahoma City
The University of Olivet%Olivet
The University of Tampa%Tampa
The University of Tennessee at Chattanooga%Chattanooga
The University of Tennessee at Martin%Martin 
The University of Tennessee Health Science Center%Memphis
The University of Tennessee Southern%Pulaski
The University of Tennessee, Knoxville%Knoxville 
The University of Texas at Arlington%Arlington
The University of Texas at Austin%Austin
The University of Texas at Dallas%Richardson
The University of Texas at El Paso%El Paso
The University of Texas at San Antonio%San Antonio
The University of Texas at Tyler%Tyler 
The University of Texas Health Science Center at Houston%Houston
The University of Texas Health Science Center at San Antonio%San Antonio
The University of Texas MD Anderson Cancer Center%Houston
The University of Texas Medical Branch at Galveston%Galveston
The University of Texas Permian Basin%Odessa
The University of the Arts%Philadelphia
The University of Tulsa%Tulsa
The University of Utah%Salt Lake City
The University of Virginia's College at Wise%Wise
The University of West Alabama%Livingston
The University of West Los Angeles%Inglewood
The Wright Institute%Berkeley
Thiel College%Greenville
Thomas Aquinas College%Santa Paula
Thomas College%Waterville
Thomas Edison State University%Trenton
Thomas Jefferson School of Law%San Diego
Thomas Jefferson University%Philadelphia
Thomas More College of Liberal Arts%Merrimack
Thomas More University%Crestview Hills
Thomas University%Thomasville
Tiffin University%Tiffin 
Toccoa Falls College%Toccoa Falls
Tougaloo College%Tougaloo 
Touro University%New York City 
Touro University California%Vallejo
Towson University%Towson
Transylvania University%Lexington
Trevecca Nazarene University%Nashville
Trine University%Angola
Trinity Bible College%Ellendale
Trinity Christian College%Palos Heights
Trinity College%Hartford
Trinity College of Florida%Trinity
Trinity College of Nursing & Health Sciences%Rock Island
Trinity International University%Deerfield 
Trinity University%San Antonio
Trinity Washington University%Washington
Tri-State Bible College%South Point 
Trocaire College%Buffalo
Troy University%Troy 
Truett McConnell University%Cleveland
Truman State University%Kirksville
Tufts University%Medford
Tulane University%New Orleans
Tusculum University%Greeneville
Tuskegee University%Tuskegee
UMass Chan Medical School%Worcester
Uniformed Services University of the Health Sciences%Bethesda
Union Adventist University%Lincoln
Union College%Schenectady
Union College, Kentucky%Barbourville
Union Institute & University%Cincinnati
Union University%Jackson
United States Air Force Academy%Colorado Springs
United States Coast Guard Academy%New London
United States Merchant Marine Academy%Kings Point 
United States Military Academy%West Point
United States Naval Academy%Annapolis
United States Sports Academy%Daphne
United States University%San Diego
Unity Environmental University%New Gloucester
University at Albany, State University of New York%Albany
University at Buffalo, State University of New York%Buffalo 
University of Advancing Technology%Tempe
University of Akron%Akron 
University of Alabama at Birmingham%Birmingham
University of Alaska Anchorage%Anchorage
University of Alaska Fairbanks%Fairbanks 
University of Alaska Southeast%Juneau 
University of Arkansas%Fayetteville
University of Arkansas - Fort Smith%Fort Smith
University of Arkansas at Little Rock%Little Rock
University of Arkansas at Monticello%Monticello
University of Arkansas at Pine Bluff%Pine Bluff
University of Arkansas for Medical Sciences%Little Rock
University of Baltimore%Baltimore
University of Bridgeport%Bridgeport 
University of California College of the Law, San Francisco%San Francisco
University of California, Berkeley%Berkeley 
University of California, Davis%Davis 
University of California, Irvine%Irvine 
University of California, Los Angeles%Los Angeles 
University of California, Merced%Merced 
University of California, Riverside%Riverside 
University of California, San Diego%San Diego 
University of California, San Francisco%San Francisco 
University of California, Santa Barbara%Santa Barbara 
University of California, Santa Cruz%Santa Cruz 
University of Central Arkansas%Conway
University of Central Florida%Orlando 
University of Central Missouri%Warrensburg
University of Central Oklahoma%Edmond
University of Charleston%Charleston
University of Chicago%Chicago
University of Cincinnati%Cincinnati
University of Colorado Boulder%Boulder
University of Colorado Colorado Springs%Colorado Springs
University of Colorado Denver%Denver
University of Connecticut%Storrs 
University of Dallas%Irving
University of Dayton%Dayton
University of Delaware%Newark
University of Denver%Denver
University of Detroit Mercy%Detroit 
University of Dubuque%Dubuque
University of Evansville%Evansville
University of Findlay%Findlay
University of Florida%Gainesville
University of Georgia%Athens
University of Hartford%West Hartford
University of Hawaii at Hilo%Hilo
University of Hawaii at Manoa%Honolulu
University of Hawaii-West Oahu%Kapolei
University of Health Sciences and Pharmacy in St. Louis%St. Louis
University of Holy Cross%New Orleans
University of Houston%Houston
University of Houston-Clear Lake%Houston 
University of Houston-Downtown%Houston
University of Houston-Victoria%Victoria
University of Idaho%Moscow
University of Illinois at Springfield%Springfield 
University of Illinois Chicago%Chicago 
University of Illinois Urbana-Champaign%Champaign 
University of Indianapolis%Indianapolis
University of Iowa%Iowa City 
University of Jamestown%Jamestown
University of Kansas%Lawrence 
University of Kentucky%Lexington
University of La Verne%La Verne 
University of Louisiana at Lafayette%Lafayette
University of Louisiana at Monroe%Monroe
University of Louisville%Louisville 
University of Lynchburg%Lynchburg
University of Maine at Augusta%Augusta
University of Maine at Farmington%Farmington
University of Maine at Fort Kent%Fort Kent
University of Maine at Machias%Machias
University of Maine at Presque Isle%Presque Isle 
University of Mary%Bismarck
University of Mary Hardin-Baylor%Belton
University of Mary Washington%Fredericksburg
University of Maryland%College Park
University of Maryland Eastern Shore%Princess Anne
University of Maryland, Baltimore%Baltimore
University of Maryland, Baltimore County%Baltimore
University of Massachusetts Amherst%Amherst
University of Massachusetts Boston%Boston
University of Massachusetts Dartmouth%North Dartmouth
University of Massachusetts Global%Irvine
University of Massachusetts Lowell%Lowell
University of Miami%Coral Gables 
University of Michigan%Ann Arbor 
University of Michigan-Dearborn%Dearborn
University of Michigan-Flint%Flint 
University of Minnesota Twin Cities%Minneapolis 
University of Mississippi%University
University of Mississippi Medical Center%Jackson
University of Missouri%Columbia
University of Missouri-Kansas City%Kansas City
University of Missouri-St. Louis%St. Louis
University of Mobile%Mobile
University of Montana%Missoula
University of Montevallo%Montevallo
University of Mount Olive%Mount Olive 
University of Mount Union%Alliance
University of Nebraska at Kearney%Kearney
University of Nebraska at Omaha%Omaha
University of Nebraska Medical Center%Omaha
University of Nebraska-Lincoln%Lincoln
University of Nevada, Las Vegas%Las Vegas
University of Nevada, Reno%Reno
University of New England%Biddeford 
University of New Hampshire%Durham 
University of New Haven%West Haven 
University of New Mexico%Albuquerque 
University of New Orleans%New Orleans
University of North Alabama%Florence
University of North Carolina at Asheville%Asheville
University of North Carolina at Chapel Hill%Chapel Hill
University of North Carolina at Charlotte%Charlotte
University of North Carolina at Greensboro%Greensboro
University of North Carolina at Pembroke%Pembroke
University of North Carolina School of the Arts%Winston-Salem
University of North Carolina Wilmington%Wilmington
University of North Dakota%Grand Forks
University of North Florida%Jacksonville
University of North Georgia%Dahlonega
University of North Texas%Denton 
University of North Texas Health Science Center%Fort Worth
University of Northern Colorado%Greeley
University of Northern Iowa%Cedar Falls
University of Northwestern - St. Paul%Saint Paul 
University of Northwestern Ohio%Lima
University of Notre Dame%Notre Dame
University of Oregon%Eugene 
University of Pennsylvania%Philadelphia
University of Pikeville%Pikeville
University of Pittsburgh%Pittsburgh 
University of Portland%Portland
University of Providence%Great Falls
University of Puget Sound%Tacoma
University of Redlands%Redlands
University of Rhode Island%Kingston 
University of Richmond%Richmond
University of Rio Grande%Rio Grande
University of Rochester%Rochester
University of Saint Francis%Fort Wayne 
University of Saint Joseph%West Hartford
University of Saint Mary%Leavenworth 
University of San Diego%San Diego
University of San Francisco%San Francisco
University of Science and Arts of Oklahoma%Chickasha
University of Scranton%Scranton
University of Silicon Valley%San Jose 
University of Sioux Falls%Sioux Falls
University of South Alabama%Mobile
University of South Carolina%Columbia 
University of South Carolina-Aiken%Aiken
University of South Carolina-Beaufort%Bluffton
University of South Carolina-Upstate%Spartanburg
University of South Dakota%Vermillion
University of South Florida%Tampa 
University of Southern California%Los Angeles
University of Southern Indiana%Evansville
University of Southern Maine%Portland 
University of Southern Mississippi%Hattiesburg
University of St. Augustine for Health Sciences%San Marcos 
University of St. Francis%Joliet
University of St. Thomas%Saint Paul 
University of St. Thomas%Houston
University of Texas Rio Grande Valley%Edinburg 
University of Texas Southwestern Medical Center%Dallas
University of the Cumberlands%Williamsburg
University of the District of Columbia%Washington
University of the Incarnate Word%San Antonio
University of the Ozarks%Clarksville
University of the Pacific%Stockton 
University of the Potomac%Washington 
University of the Southwest%Hobbs
University of the West%Rosemead
University of Toledo%Toledo
University of Valley Forge%Phoenixville
University of Vermont%Burlington
University of Virginia%Charlottesville 
University of Washington%Seattle 
University of West Florida%Pensacola 
University of West Georgia%Carrollton
University of Western States%Portland
University of Wisconsin-Eau Claire%Eau Claire
University of Wisconsin-Green Bay%Green Bay
University of Wisconsin-La Crosse%La Crosse
University of Wisconsin-Madison%Madison
University of Wisconsin-Milwaukee%Milwaukee
University of Wisconsin-Oshkosh%Oshkosh
University of Wisconsin-Parkside%Kenosha
University of Wisconsin-Platteville%Platteville
University of Wisconsin-River Falls%River Falls
University of Wisconsin-Stevens Point%Stevens Point
University of Wisconsin-Stout%Menomonie
University of Wisconsin-Superior%Superior
University of Wisconsin-Whitewater%Whitewater
University of Wyoming%Laramie
Upper Iowa University%Fayette 
Upstate Medical University%Syracuse
Ursinus College%Collegeville
Ursuline College%Pepper Pike
Utah State University%Logan 
Utah Tech University%St. George
Utah Valley University%Orem 
Utica University%Utica
Valdosta State University%Valdosta
Valencia College%Orlando
Valley City State University%Valley City
Valparaiso University%Valparaíso
Vanderbilt University%Nashville
VanderCook College of Music%Chicago
Vanguard University of Southern California%Costa Mesa 
Vassar College%Poughkeepsie
Vaughn College of Aeronautics and Technology%Flushing
Vermont College of Fine Arts%Montpelier
Vermont Law School%South Royalton
Vermont State University%Randolph
Villa Maria College%Buffalo
Villanova University%Villanova
Vincennes University%Vincennes
Virginia Commonwealth University%Richmond
Virginia Military Institute%Lexington
Virginia Polytechnic Institute and State University%Blacksburg
Virginia State University%Petersburg
Virginia Union University%Richmond
Virginia Wesleyan University%Virginia Beach
Viterbo University%La Crosse
Voorhees University%Denmark
Wabash College%Crawfordsville
Wade College%Dallas
Wagner College%Staten Island
Wake Forest University%Winston-Salem
Waldorf University%Forest City
Walla Walla University%College Place
Walsh College%Troy
Walsh University%North Canton
Warner Pacific University%Portland
Warner University%Lake Wales
Warren Wilson College%Swannanoa
Wartburg College%Waverly
Washburn University%Topeka
Washington & Jefferson College%Washington
Washington Adventist University%Takoma Park
Washington and Lee University%Lexington
Washington College%Chestertown
Washington State University%Pullman
Washington University in St. Louis%St. Louis
Wayland Baptist University%Plainview 
Wayne State College%Wayne
Wayne State University%Detroit
Waynesburg University%Waynesburg
Webb Institute%Glen Cove
Webber International University%Babson Park
Weber State University%Ogden 
Webster University%St. Louis
Welch College%Gallatin
Wellesley College%Wellesley
Wells College%Aurora
Wentworth Institute of Technology%Boston
Wesleyan College%Macon 
Wesleyan University%Middletown
West Chester University of Pennsylvania%West Chester
West Coast University-Los Angeles%North Hollywood
West Liberty University%West Liberty
West Texas A&M University%Canyon 
West Virginia School of Osteopathic Medicine%Lewisburg
West Virginia State University%Institute
West Virginia University%Morgantown 
West Virginia University at Parkersburg%Parkersburg
West Virginia Wesleyan College%Buckhannon
Western Carolina University%Cullowhee 
Western Colorado University%Gunnison
Western Connecticut State University%Danbury
Western Illinois University%Macomb 
Western Kentucky University%Bowling Green
Western Michigan University%Kalamazoo
Western Nevada College%Carson City
Western New England University%Springfield 
Western New Mexico University%Silver City
Western Oregon University%Monmouth
Western University of Health Sciences%Pomona 
Western Washington University%Bellingham
Westfield State University%Westfield
Westminster College%Salt Lake City
Westminster College, Missouri%Fulton
Westminster College, Pennsylvania%New Wilmington
Westmont College%Santa Barbara
Wheaton College%Wheaton
Wheaton College, Massachusetts%Norton
Wheeling University%Wheeling
Whitman College%Walla Walla
Whittier College%Whittier
Whitworth University%Spokane
Wichita State University%Wichita
Widener University%Chester 
Wilberforce University%Wilberforce
Wiley College%Marshall
Wilkes University%Wilkes-Barre
Willamette University%Salem
William Carey University%Hattiesburg 
William James College%Newton
William Jewell College%Liberty
William Paterson University%Wayne
William Peace University%Raleigh
William Penn University%Oskaloosa
William Woods University%Fulton
Williams Baptist University%Walnut Ridge
Williams College%Williamstown
Wilmington College%Wilmington
Wilmington University%New Castle 
Wilson College%Chambersburg
Wingate University%Wingate
Winona State University%Winona
Winston-Salem State University%Winston-Salem
Winthrop University%Rock Hill
Wisconsin Lutheran College%Milwaukee
Wisconsin School of Professional Psychology%Milwaukee
Wittenberg University%Springfield
Wofford College%Spartanburg
WON Institute of Graduate Studies%Warminster
Woodbury University%Burbank 
Worcester Polytechnic Institute%Worcester
Worcester State University%Worcester
Wright State University%Dayton 
Xavier University%Cincinnati
Xavier University of Louisiana%New Orleans
Yale University%New Haven
Yeshiva University%New York City
York College of Pennsylvania%York
York College, City University of New York%Jamaica
York University%York
Young Harris College%Young Harris
Youngstown State University%Youngstown
American Musical Dance Academy%New York
American Musical Dance Academy%Los Angeles
